Model,Accuracy,Precision,Recall
LogisticRegression,1.0,1.0,1.0
RandomForest,0.8571428571428571,0.9166666666666666,0.8333333333333334
