Model,RMSE,R2
LinearRegression,2.1652398828621572e-16,1.0
GradientBoosting,0.13101312100740875,-0.09741443777562386
RandomForest,0.14360921321906311,-0.3185775893151581
