Model,RMSE,R2
LinearRegression,1.7237850130861175e-16,1.0
GradientBoosting,0.1304395087145431,-0.08782589635307203
RandomForest,0.14423298339374388,-0.3300570147116655
